releve,origine,destination,prix_min,devise,depart,retour,duree_jours,nb_offres
2026-07-31 14:07,PAR,BKK,,eur,,,,0
2026-07-31 14:28,PAR,BKK,,eur,,,,0
2026-07-31 20:01,CDG,FOR,998,2026-08-30,2026-09-29,30,LATAM,63
2026-07-31 20:11,CDG,BKK,571,2026-08-23,2026-09-22,30,Etihad,109
2026-07-31 20:22,CDG,FOR,998,2026-08-30,2026-09-29,30,LATAM,79
2026-07-31 23:28,CDG,FOR,978,EUR,2026-08-27,2026-09-24,28,Iberia,247
2026-08-01 00:21,PAR,FOR,856,EUR,2026-08-18,2026-09-14,27,Tap Air Portugal,454
2026-08-01 01:25,PAR,FOR,831,EUR,2026-09-01,2026-09-29,28,Iberia,1342
2026-08-01 08:13,PAR,FOR,831,EUR,2026-09-01,2026-09-29,28,Iberia,1326
